desc,url,github,jobs,languages
500px,https://developers.500px.com/,500px,https://about.500px.com/jobs/," css java javascript lua objective-c python ruby shell"
99designs,https://99designs.co.uk/tech-blog,99designs,https://99designs.co.uk/about/jobs,"go javascript php python ruby"
adjust,http://big-elephants.com/,adjust,https://www.adjust.com/jobs/#location=all&category=tech," c# elixir go java objective-c r ruby"
adroll,http://tech.adroll.com/blog/,adroll,https://www.adroll.com/about/careers,"d erlang go java javascript python shell"
adzerk,https://www.adzerk.com/tech/,adzerk,https://stackoverflow.com/jobs/companies/adzerk," c# c++ clojure html java javascript python ruby swift"
airbnb,http://airbnb.io/,airbnb,https://www.airbnb.com/careers/departments/engineering," java javascript python ruby"
aircto,https://engineering.aircto.com/,aircto,https://angel.co/launchyard/jobs,"go javascript"
allegro,http://allegro.tech/,allegro,http://kariera.allegro.pl/,"go groovy java javascript php python scala"
alphasights,http://engineering-blog.alphasights.com/,alphasights,https://www.alphasights.com/careers," css javascript ruby shell"
amplitude,https://amplitude.com/blog/category/engineering/,amplitude,https://amplitude.com/careers," html java javascript objective-c"
aol,https://engineering.aol.com/,aol,http://www.aol-careers.com/,"c java javascript php python"
appcues,https://engineering.appcues.com/,appcues,https://stackoverflow.com/jobs/companies/appcues," elixir javascript ruby"
appfolio,http://engineering.appfolio.com/,appfolio,http://www.appfolioinc.com/jobs-openings,"javascript objective-c python ruby"
appnexus,http://techblog.appnexus.com/,appnexus,http://www.appnexus.com/en/company/careers," java javascript objective-c python"
artsy,https://artsy.github.io/,artsy,https://www.artsy.net/jobs," css coffeescript elixir javascript objective-c ruby swift"
asana,https://blog.asana.com/category/eng,asana,https://asana.com/jobs#openPositionsList,"erlang java javascript php python ruby typescript"
"atlassian dev",https://developer.atlassian.com/index.html,atlassian,https://www.atlassian.com/company/careers/engineering#browseJobSection,"go java javascript puppet ruby"
audiense,http://engineering.audiense.com/,audienseco,https://www.audiense.com/about-us/careers/,"css coffeescript javascript perl python"
aweber,http://engineering.aweber.com/,aweber,http://www.aweber.jobs/apply,"c erlang groff java javascript objective-c php python ruby"
babbel,http://bytes.babbel.com/,babbel,http://jobs.babbel.com/en/,"go javascript python ruby"
badoo,https://techblog.badoo.com/,badoo,https://corp.badoo.com/jobs/,"go java javascript lua objective-c php ruby swift"
"bazaar voice",http://blog.developer.bazaarvoice.com/,bazaarvoice,http://www.bazaarvoice.com/careers/,"go java javascript objective-c python ruby shell"
bellycard,https://tech.bellycard.com/,bellycard,https://tech.bellycard.com/join/,"html java javascript objective-c python ruby shell swift"
benchling,http://benchling.engineering/,benchling,https://benchling.com/careers,"c coffeescript go javascript php python ruby"
betfair,https://betsandbits.com/,betfair,http://www.betfair.jobs/," c# css go groovy java objective-c perl shell"
bigcommerce,http://www.bigeng.io/,bigcommerce,https://www.bigcommerce.com/careers/?filter=all&team=engineering#jobs," css go html javascript php python ruby"
bitly,http://word.bitly.com/,bitly,https://bitly.com/pages/careers,"c go javascript python"
bitrise,https://tech.bitrise.io/,bitrise-io,https://www.bitrise.io/job," c# go html ruby shell"
bittorrent,http://engineering.bittorrent.com/,bittorrent,http://www.bittorrent.com/company/about/jobs,"c++ html javascript python shell"
blablacar,http://blablatech.com/blog/,blablacar,https://www.blablacar.pl/dreamjobs,"go"
bloc,http://code.bloc.io/,bloc,https://jobs.lever.co/bloc/," html javascript objective-c ruby swift"
bloomreach,http://engineering.bloomreach.com/,bloomreach,http://bloomreach.com/careers/," java python"
bocoup,http://bocoup.com/weblog/,bocoup,https://bocoup.com/workat," css html java javascript python"
boxever,http://www.boxever.com/tech-blog,boxever,http://www.boxever.com/careers," clojure java"
"braintree payments",https://www.braintreepayments.com/blog/,braintree,https://www.braintreepayments.com/careers,"c# css coffeescript go html java javascript php ruby"
bronto,http://blog.bronto.com/engineering,bronto,http://careers.bronto.com/," java javascript php python ruby"
buffer,https://overflow.buffer.com/,bufferapp,https://buffer.com/journey/," coffeescript javascript objective-c python r ruby"
buildkite,https://building.buildkite.com/,buildkite,https://buildkite.com/about," go javascript ruby shell"
buzzfeed,https://www.buzzfeed.com/techblog,buzzfeed,https://www.buzzfeed.com/about/jobs,"css javascript objective-c perl python swift"
cerner,http://engineering.cerner.com/,cerner,https://sjobs.brassring.com/TGnewUI/Search/Home/HomeWithPreLoad?partnerid=25754&siteid=5095&PageType=searchResults&SearchType=linkquery," javascript ruby"
chartbeat,http://engineering.chartbeat.com/,chartbeat,https://chartbeat.com/careers," c javascript python ruby shell"
chegg,https://techblog.chegg.com/,cheggeng,http://jobs.chegg.com/,"go html java javascript php python ruby"
circle,https://engineering.circle.com/,circlefin,https://www.circle.com/en/careers,"javascript objective-c"
citrusbyte,http://bits.citrusbyte.com/,citrusbyte,http://careers.citrusbyte.com/,"c++ css elixir javascript objective-c python ruby"
clever,https://engineering.clever.com/,clever,https://clever.com/about/jobs#software-engineer,"css coffeescript go javascript lua makefile python shell"
msystechnologies,http://www.techblogs.msystechnologies.com,msystechnologiesllc,http://msystechnologies.com/careers," html javascript r ruby shell"
cloudera,http://blog.cloudera.com/,cloudera,http://www.cloudera.com/content/www/en-us/about-cloudera/careers.html,"c++ java python scala shell"
codeship,http://blog.codeship.com/category/tech-room/,codeship,https://codeship.com/jobs,"css coffeescript go javascript ruby shell"
conversant,http://engineering.conversantmedia.com/opensource/,conversant,http://engineering.conversantmedia.com/joinus/,"html java javascript objective-c plpgsql python"
coursera,https://building.coursera.org/,coursera,https://www.coursera.org/about/careers," css html java javascript python scala"
curalate,http://engineering.curalate.com/,curalate,https://www.themuse.com/jobs/c-curalate-jobs,"groovy java javascript objective-c python ruby scala"
datadog,https://engineering.datadoghq.com/,datadog,https://www.datadoghq.com/jobs-engineering/," c c# go java php python ruby shell"
domain,http://tech.domain.com.au/category/engineering/,domaingrouposs,http://tech.domain.com.au/careers/,"c# java objective-c powershell python ruby shell"
dose,https://medium.com/m/global-identity?redirectUrl=https%3A%2F%2Fengineering.dose.com%2F,dosemedia,http://about.dose.com/careers," javascript jupyter notebook python ruby shell"
doximity,https://engineering.doximity.com/,doximity,https://auth.doximity.com/csrf_init?redirect_to=https%3A%2F%2Fwww.doximity.com%2Fabout%2Fjobs%3F_csrf_attempted%3Dyes,"css go html javascript python ruby"
dropbox,https://blogs.dropbox.com/tech/,dropbox,https://www.dropbox.com/jobs,"c# c++ coffeescript go java javascript objective-c php python"
ebay,http://www.ebaytechblog.com/,ebay,https://careers.ebayinc.com/join-our-team/start-your-search/," c++ go java javascript python scala swift"
eharmony,http://www.eharmony.com/engineering/,eHarmony,http://www.eharmony.com/about/careers/,"c++ java javascript scala"
etsy,https://codeascraft.com/,etsy,https://www.etsy.com/careers," java javascript objective-c php python ruby"
eventbrite,http://www.eventbrite.com/engineering/,eventbrite,https://app.jobvite.com/CompanyJobs/Careers.aspx?c=qU29VfwK&cs=9vBbVfwW&nl=0," coffeescript javascript python ruby"
expedia,https://techblog.expedia.com/,expediadotcom,https://twitter.com/expediaeng," css html java javascript ruby"
facebook,https://m.facebook.com/Engineering,facebook,https://m.facebook.com/careers,"c c++ java javascript ocaml objective-c++"
facile-it,http://engineering.facile.it,facile-it,http://engineering.facile.it/ita/careers/,"css html php ruby swift"
factual,https://www.factual.com/blog/category/engineering,factual,https://www.factual.com/jobs#openings,"clojure java javascript objective-c php python shell"
flickr,http://code.flickr.net/,flickr,https://www.flickr.com/jobs," c++ javascript makefile perl"
flipboard,http://engineering.flipboard.com/,flipboard,https://about.flipboard.com/team/engineering-team/," coffeescript go groovy java javascript objective-c python"
fluencia,http://engineering.curiositymedia.com/,spanishdict,http://www.fluencia.com/about-us/careers/," coffeescript html javascript python ruby"
flywire,https://engineering.flywire.com/,peertransfer,https://www.flywire.com/careers,"javascript ruby"
"football radar",https://engineering.footballradar.com/,footballradar,https://engineering.footballradar.com/careers/," javascript php python"
foursquare,http://engineering.foursquare.com/,foursquare,https://foursquare.com/jobs,"c++ java objective-c python scala"
freeagent,http://engineering.freeagent.com/,fac,http://www.freeagent.com/company/careers/," css makefile ruby shell"
"funding circle",https://engineering.fundingcircle.com/,fundingcircle,https://www.fundingcircle.com/us/careers/," css clojure coffeescript java ruby shell"
"future processing",https://www.future-processing.pl/technical-blog/,futureprocessing,https://www.future-processing.com/careers,"c# css java javascript php shell"
"game changer",http://tech.gc.com/,gamechanger,https://gc.com/about/careers," go javascript objective-c python"
giantswarm,https://blog.giantswarm.io/,giantswarm,https://angel.co/giant-swarm/jobs," go makefile python"
gilt,http://tech.gilt.com/,gilt,http://www.gilt.com/careers/department/technology-product-management/," java javascript scala swift"
github,http://githubengineering.com/,github,https://github.com/about/jobs," c# coffeescript go javascript ruby"
gnip,https://engineering.gnip.com/,gnip,https://careers.twitter.com/en.html," c java python ruby"
gocardless,https://gocardless.com/blog/tagged/engineering,gocardless,https://gocardless.com/about#jobs," go html javascript ruby shell"
godaddy,https://engineering.godaddy.com/,godaddy,http://careers.godaddy.net/jobs/category/software-engineering," c++ css java javascript php python ruby"
goodeggs,http://bites.goodeggs.com/,goodeggs,http://careers.goodeggs.com/open-positions/,"coffeescript javascript python shell swift"
gopangea,http://engineering.gopangea.com/,gopangea,https://stackoverflow.com/jobs/companies/pangea-universal-holdings,"c# css python"
gosquared,https://engineering.gosquared.com/,gosquared,https://www.gosquared.com/careers/,"javascript makefile objective-c php ruby"
grammarly,http://tech.grammarly.com/blog/index.html,grammarly,https://www.grammarly.com/jobs," clojure go java javascript python ruby shell"
graze,http://tech.graze.com/,graze,https://www.graze.com/uk/jobs/tech,"c html makefile php python shell"
greenhouse,https://tech.greenhouse.io/,grnhse,https://www.greenhouse.io/careers?gh_src=xt6m8g,"go javascript php python ruby shell"
grofers,https://lambda.grofers.com/,grofers,https://grofers.com/careers/," html java javascript objective-c perl python shell"
groupon,https://engineering.groupon.com/,groupon,https://jobs.groupon.com/,"coffeescript java javascript perl ruby scala shell"
guidebook,http://engineering.guidebook.com/,guidebook,https://guidebook.com/gb/careers/#open-positions," css objective-c swift"
gusto,http://engineering.gusto.com/,gusto,https://gusto.com/about/careers," javascript ruby"
hailo,https://sudo.hailoapp.com/,hailocab,https://hailo.workable.com//,"go javascript"
harrys,http://engineering.harrys.com/,harrystech,https://boards.greenhouse.io/harrys,"java javascript ruby scala swift"
hashrocket,https://til.hashrocket.com/,hashrocket,https://hashrocket.com/contact-us/jobs," clojure elixir go javascript ruby shell"
helpshift,https://engineering.helpshift.com/,helpshift,https://www.helpshift.com/about/," css clojure emacs lisp erlang java objective-c ruby"
heroku,https://engineering.heroku.com/,heroku,https://www.heroku.com/careers,"css erlang go html javascript ruby shell"
hipo,http://engineering.hipolabs.com/,hipo,http://hipolabs.com/team/," arduino go html objective-c python"
hobsons,http://engineering.hobsons.com/,hobsons,http://app.jobvite.com/CompanyJobs/Careers.aspx?c=qAv9VfwT&cs=9yDaVfw0,"css go java python ruby"
homeaway,https://tech.homeaway.com/,homeaway,https://www.homeaway.com/info/about-us/careers-1/career-opportunities.html?location=&category=Software+Engineering," css java javascript r ruby"
hootsuite,http://code.hootsuite.com/,hootsuite,https://hootsuite.com/about/careers#jobPostings,"javascript php python scala shell swift"
hoteltonight,http://engineering.hoteltonight.com/,hoteltonight,https://www.hoteltonight.com/about/careers,"coffeescript objective-c ruby shell"
hotwire,http://techblog.hotwire.com/,hotwiredotcom,http://www.lifeatexpedia.com/career-areas/technology/,"c java kotlin"
hubspot,http://product.hubspot.com/blog/topic/engineering,hubspot,http://product.hubspot.com/jobs-engineering,"css html java javascript"
huddle,http://tldr.huddle.com/,huddle,https://talentcommunity.huddle.com/," c# css html java javascript objective-c ruby"
iheartradio,https://medium.com/m/global-identity?redirectUrl=https%3A%2F%2Ftech.iheart.com%2F,iheartradio,http://jobs.iheart.com/," java javascript makefile objective-c python scala"
imvu,https://engineering.imvu.com/,imvu,http://www.imvu.com/jobs/index/,"c++ erlang go haskell java javascript objective-c ruby shell"
indeed,http://engineering.indeedblog.com/,indeedeng,http://www.indeed.jobs/," apacheconf go java python"
instacart,https://tech.instacart.com/,instacart,https://careers.instacart.com/,"go javascript objective-c python r ruby shell"
instagram,https://medium.com/m/global-identity?redirectUrl=https%3A%2F%2Fengineering.instagram.com%2F,instagram,https://www.instagram.com/about/jobs," c c++ java javascript python ruby"
instructure,http://instructure.github.io/blog/,instructure,https://www.instructure.com/careers," css hcl java javascript objective-c ruby scala typescript"
intenthq,http://engineering.intenthq.com/,intenthq,https://www.intenthq.com/about-intent/#join-us," css java python ruby scala shell"
intentmedia,http://intentmedia.com/blog/,intentmedia,http://intentmedia.com/jobs/," clojure elixir java javascript makefile python ruby scala shell"
intercom,https://blog.intercom.io/category/engineering,intercom,https://www.intercom.io/careers," c# go java javascript objective-c ruby"
invisionapp,http://engineering.invisionapp.com/,invisionapp,https://www.invisionapp.com/company#jobs," go javascript objective-c python ruby shell"
isl,https://sudo.isl.co/,istrategylabs,https://isl.co/careers/," arduino css javascript python ruby shell"
issuu,http://engineering.issuu.com/,issuu,https://issuu.com/careers," c++ erlang javascript ocaml python"
"jane street",https://blogs.janestreet.com/,janestreet,https://www.janestreet.com/join-jane-street/apply/," c makefile ocaml"
jet,https://tech.jet.com/,jet,https://jet.com/about-us/working-at-jet/jobs,"f# go raml shell"
"just eat",http://tech.just-eat.com/,justeat,http://tech.just-eat.com/jobs," c# gcc machine description javascript objective-c ruby swift"
kapost,http://engineering.kapost.com/,kapost,https://kapost.com/careers/," actionscript css html ruby"
keepsafe,https://medium.com/keepsafe-engineering,keepsafe,https://jobs.lever.co/keepsafe,"clojure groovy java objective-c python"
"keyhole software",https://keyholesoftware.com/blog/,in-the-keyhole,https://keyholesoftware.com/contact/careers/," css java javascript typescript"
"khan academy",http://engineering.khanacademy.org/,khan,https://www.khanacademy.org/careers,"html javascript python shell swift"
klarna,http://engineering.klarna.com/,klarna,https://www.klarna.com/careers,"erlang go java javascript php python ruby"
klout,http://engineering.klout.com/,klout,http://jobs.lithium.com/jobs/category/engineering," coffeescript java javascript objective-c scala"
knewton,https://tech.knewton.com/,knewton,https://www.knewton.com/jobs/," haskell java javascript python ruby shell"
laterooms,http://engineering.laterooms.com/,lateroomsgroup,https://stackoverflow.com/jobs/companies/laterooms-com," c# coffeescript javascript php shell"
laurelandwolf,http://engineering.laurelandwolf.com/,laurelandwolf,https://jobs.lever.co/laurelandwolf/," html javascript ruby shell"
lendinghome,https://tech.lendinghome.com,lendinghome,https://www.lendinghome.com/careers," javascript python ruby shell"
life360,http://engineering.life360.com/,life360,https://www.life360.com/jobs/,"coffeescript go javascript objective-c php shell"
line,https://engineering.linecorp.com/ja/,linecorp,https://engineering.linecorp.com/ja/careers,"c++ go java objective-c php perl python ruby"
linkedin,https://engineering.linkedin.com/blog,linkedin,https://engineering.linkedin.com/jobs,"go groovy html java javascript swift"
linode,https://engineering.linode.com/,linode,https://www.linode.com/careers#," css html javascript perl python ruby"
livingsocial,https://techblog.livingsocial.com/,livingsocial,http://jobs.livingsocial.com/all-jobs/," clojure java ruby"
localytics,http://eng.localytics.com/,localytics,https://boards.greenhouse.io/localytics,"c# java javascript objective-c ruby scala"
loginradius,https://www.loginradius.com/engineering,loginradius,https://www.loginradius.com/careers,"c# css javascript objective-c php python ruby"
lookout,http://hackers.lookout.com/,lookout,https://www.lookout.com/about/careers/jobs," c css go groovy java ruby scala"
lyft,https://medium.com/m/global-identity?redirectUrl=https%3A%2F%2Feng.lyft.com%2F,lyft,https://www.lyft.com/jobs,"java python swift"
lyst,http://developers.lyst.com/,ssaw,https://www.lyst.com/careers," javascript objective-c python"
mailchimp,http://devs.mailchimp.com/blog/,mailchimp,http://mailchimp.com/about/jobs/," css javascript objective-c php python ruby"
mayvenn,http://engineering.mayvenn.com/,mayvenn,https://jobs.mayvenn.com/recruit/Portal.na," clojure ruby scala"
mdsol,http://techblog.mdsol.com/,mdsol,https://www.mdsol.com/en/careers," c# cucumber go java javascript r ruby"
medallia,http://engineering.medallia.com/blog/,medallia,http://www.medallia.com/careers/," go html java javascript scala shell"
medium,https://medium.engineering/,medium,https://medium.com/@Medium/engineering-a231458a0976," go javascript"
"meet me",http://engineering.meetme.com/,meetme,http://www.meetme.com/apps/careers,"c java javascript php python ruby"
meetup,http://making.meetup.com/,meetup,http://www.meetup.com/jobs/#open-positions," css java javascript makefile python ruby scala"
meltwater,http://underthehood.meltwater.com/,meltwater,https://www.meltwater.com/about/careers," go html java javascript puppet python ruby shell"
mercari,http://tech.mercari.com/,mercari,https://gb.wantedly.com/companies/mercariapp-com,"go java php"
microsoft,http://engineering.microsoft.com/,microsoft,https://careers.microsoft.com/search.aspx," c# c++ java typescript"
mixlr,http://tech.mixlr.com/,mixlr,http://tech.mixlr.com/jobs/,"c c++ css coffeescript go html javascript objective-c ruby"
modus,http://moduscreate.com/blog/,moduscreateorg,http://moduscreate.com/careers/," javascript objective-c shell swift"
monetate,http://engineering.monetate.com/,monetate,http://www.monetate.com/about/careers,"c c++ go html java python scala shell"
mongodb,https://engineering.mongodb.com/,mongodb,https://www.mongodb.com/careers/positions?office=All%20Offices&department=Engineering,"c# c++ go java php python ruby scala"
monsanto,http://engineering.monsanto.com/,monsantoco,http://engineering.monsanto.com/contact/," coffeescript html java javascript lua scala shell"
moz,http://moz.com/devblog/,seomoz,https://moz.com/about/jobs,"c++ elixir java python ruby"
netflix,http://techblog.netflix.com/,netflix,https://jobs.netflix.com/category/4/jobs,"c go html java javascript scala"
netlify,http://purple.netlify.com/,netlify,https://www.netlify.com/careers/,"go html javascript ruby shell"
nextdoor,https://medium.com/m/global-identity?redirectUrl=https%3A%2F%2Fengblog.nextdoor.com%2F,nextdoor,https://nextdoor.com/jobs/,"c css objective-c puppet python ruby shell"
noredink,http://tech.noredink.com/,noredink,https://www.noredink.com/jobs," elixir elm javascript python ruby"
"ny times",http://developers.nytimes.com/,nytimes,http://www.nytimes.com/glogin?URI=http%3A%2F%2Fdevelopers.nytimes.com%2Fcareers%3F_r%3D0," go javascript objective-c protocol buffer python ruby"
olery,http://developer.olery.com/,olery,http://www.olery.com/jobs/," javascript ruby"
ooyala,http://engineering.ooyala.com/,ooyala,http://www.ooyala.com/company/careers,"go java javascript ruby scala"
opendns,https://blog.opendns.com/blog,opendns,https://careers.opendns.com/," c c# css groff javascript php python typescript visual basic"
"opentable uk",http://tech.opentable.co.uk/,opentable,http://www.opentable.com/careers/,"coffeescript go java javascript puppet ruby scala"
otobank,http://engineering.otobank.co.jp/,otobank,https://jp.stanby.com/ats/otobank/jobs," coffeescript html javascript php"
otto-de,https://dev.otto.de/,otto-de,https://www.otto.de/unternehmen/jobs/Fachbereiche/softwareentwicklung.php," clojure java python ruby"
outbrain,http://techblog.outbrain.com/,outbrain,http://outbrain.mytribehr.com/careers/," go html java javascript php ruby"
oyster,http://tech.oyster.com/,oysterhotels,http://jobs.oyster.com/,"css python"
paperlesspost,https://dev.paperlesspost.com/,paperlesspost,https://www.paperlesspost.com/about/jobs," c++ go javascript ruby"
paypal,https://www.paypal-engineering.com/,paypal,https://www.paypal.com/us/webapps/mpp/jobs," c# c++ html java javascript php ruby scala"
pinterest,https://engineering.pinterest.com/,pinterest,https://about.pinterest.com/en/careers/engineering,"elixir go java javascript objective-c python"
pivotal,http://engineering.pivotal.io/,pivotal,https://pivotal.io/careers,"css html java javascript objective-c++ ruby viml"
plumbee,http://engineering.plumbee.com/,plumbee,https://www.plumbee.com/jobs/,"actionscript clojure java python shell"
podio,https://medium.com/podio-engineering-blog,podio,https://company.podio.com/jobs,"c# java javascript objective-c php python ruby"
polyvore,http://engblog.polyvore.com/,polyvore,http://www.polyvore.com/cgi/about.jobs," java javascript perl puppet python"
postmates,http://engineering.postmates.com/,postmates,https://postmates.com/jobs,"c go javascript objective-c python rust swift"
prezi,https://engineering.prezi.com/,prezi,https://prezi.com/jobs,"c c++ coffeescript java javascript python shell"
procore,http://engineering.procore.com/,procore,http://devblog.procore.com/jobs.html," elixir go javascript plpgsql ruby"
"push technology",https://www.pushtechnology.com/category/development,pushtechnology,https://www.pushtechnology.com/about/careers/," c clojure html java"
qubit,https://medium.com/qubit-engineering,qubitproducts,http://www.qubit.com/careers,"css go java javascript php"
quizlet,https://quizlet.com/blog/engineering,quizlet,https://quizlet.com/jobs,"c++ coffeescript java javascript objective-c php ruby"
quora,http://engineering.quora.com/,quora,https://www.quora.com/careers,"c++ javascript"
realestate,http://rea.tech/,realestate-com-au,http://careers.realestate.com.au/,"go java javascript objective-c ruby scala shell"
remind,http://engineering.remind.com/,remind101,https://www.remind.com/careers,"go java javascript python ruby"
renttherunway,http://dresscode.renttherunway.com/,renttherunway,https://boards.greenhouse.io/renttherunway,"clojure java objective-c python ruby swift"
reverb,https://product.reverb.com/,reverbdotcom,https://product.reverb.com/work-at-reverb/,"coffeescript go javascript php python ruby shell"
richrelevance,http://engineering.richrelevance.com/,richrelevance,https://www.richrelevance.com/company/careers/," coffeescript java javascript objective-c scala"
rightscale,http://eng.rightscale.com/,rightscale,http://rightscale.theresumator.com/,"go javascript ruby shell typescript"
riotgames,http://engineering.riotgames.com/,riotgames,http://www.riotgames.com/careers/?offices=&depts=1398," java ruby"
risingstack,https://blog.risingstack.com/,risingstack,https://risingstack.com/," javascript"
roomkey,https://techblog.roomkey.com/,roomkey,https://stackoverflow.com/jobs/companies/room-key?c=7537KTtDFgNLexna,"clojure html javascript"
salsify,http://blog.salsify.com/engineering,salsify,http://www.salsify.com/careers#engineering,"javascript php ruby"
scrunch,https://tech.scrunch.com/blog/,scrunchenterprises,https://scrunch.com/careers/," javascript python shell"
segment,https://segment.com/blog/categories/engineering/,segmentio,https://segment.com/jobs,"go hcl javascript objective-c"
semantics3,https://engineering.semantics3.com/,semantics3,https://www.semantics3.com/jobs," asp c# java javascript objective-c php perl python ruby"
sequra,https://engineering.sequra.es/,sequra,https://www.sequra.es/trabaja-con-nosotros.html,"html php ruby"
"shape security",http://engineering.shapesecurity.com/,shapesecurity,https://shapesecurity.com/jobs/,"java javascript"
sharethis,http://engineering.sharethis.com/,sharethis,http://www.sharethis.com/hiring/,"java perl python"
sharethrough,https://engineering.sharethrough.com/,sharethrough,https://www.sharethrough.com/careers/openings/?category=Engineering,"java javascript objective-c ruby scala shell viml"
"shop spring",http://engineering.shopspring.com/,shopspring,http://engineering.shopspring.com/,"css go"
shutl,http://techblog.shutl.com/,shutl,https://shutl.com/uk/jobs,"ruby sqlpl swift"
shutterstock,http://tech.shutterstock.com/,shutterstock,http://www.shutterstock.com/jobs," javascript php"
shyp,http://shyp.github.io/,shyp,https://jobs.lever.co/shyp," go javascript"
simondata,http://engineering.simondata.com/,radico,https://simondata.workable.com/,"java python scala"
simple,https://www.simple.com/engineering,simpleFinance,https://www.simple.com/careers,"go java javascript python ruby scala"
skroutz,http://engineering.skroutz.gr/,skroutz,https://skroutz.workable.com/," clojure coffeescript elixir html java javascript php ruby"
skybettingandgaming,http://engineering.skybettingandgaming.com/,skybet,http://skybetcareers.com/," css coffeescript html javascript php ruby shell"
slack,https://medium.com/m/global-identity?redirectUrl=https%3A%2F%2Fslack.engineering%2F,slackhq,https://slack.com/jobs/dept/engineering," coffeescript java javascript objective-c python ruby"
songkick,http://devblog.songkick.com/,songkick,https://www.songkick.com/jobs#job-openings,"go groovy java javascript ruby"
soundcloud,https://developers.soundcloud.com/blog/,soundcloud,https://soundcloud.com/jobs,"cmake clojure go java javascript python ruby scala shell"
speedledger,http://engineering.speedledger.com/,speedledger,https://www.speedledger.se/jobb/,"java javascript scala"
spotify,https://labs.spotify.com/,spotify,https://twitter.com/spotifyjobs," c++ go java javascript objective-c python raml scala shell"
spreedly,http://engineering.spreedly.com/,spreedly,https://spreedly.com/jobs,"css groff html perl ruby swift"
"square inc",https://corner.squareup.com/,square,https://squareup.com/careers,"java javascript kotlin objective-c shell swift"
squarespace,http://engineering.squarespace.com/,squarespace,https://www.squarespace.com/about/careers,"css clojure groff groovy java javascript python shell"
"staples sparx",http://www.staples-sparx.com/blog/,staples-sparx,http://www.staples-sparx.com/jobs/,"c++ clojure html java shell"
stitchfix,http://multithreaded.stitchfix.com/,stitchfix,http://multithreaded.stitchfix.com/careers/,"java javascript jupyter notebook python ruby scala shell"
stormpath,http://stormpath.com/blog,stormpath,https://careers.jobscore.com/jobs2/stormpath,"html java javascript perl python swift"
strava,http://labs.strava.com,strava,http://blog.strava.com/careers/," c++ css go javascript objective-c protocol buffer shell"
stripe,https://stripe.com/blog,stripe,https://stripe.com/jobs,"coffeescript go java objective-c php python ruby scala"
stylefruits,http://blog.stylefruits.tech/index.html,stylefruits,http://www.stylefruits.co.uk/specials/persis,"clojure erlang html"
stylight,http://tech.stylight.com/,stylight,http://jobs.stylight.com/," c++ html objective-c python swift"
tapad,https://medium.com/@tapadeng,tapad,https://www.tapad.com/careers/openings,"elixir javascript scala typescript"
tapjoy,http://eng.tapjoy.com/blog/,tapjoy,http://home.tapjoy.com/info/about-tapjoy/careers/postings/?department=engineering,"c go php ruby shell"
target,https://target.github.io/,target,https://corporate.target.com/careers/career-areas/technology?ref=sr_shorturl_digitalcareers,"groovy html java javascript objective-c powershell ruby shell"
tasktop,http://www.tasktop.com/categories/engineering,tasktop,http://www.tasktop.com/careers/job-postings," java javascript ruby"
"teachers pay teachers",http://engineering.teacherspayteachers.com/,teacherspayteachers,https://boards.greenhouse.io/teacherspayteachers/,"css javascript livescript objective-c php python ruby swift"
teamwork,http://engineroom.teamwork.com/,teamwork,https://www.teamwork.com/jobs/#technical," coffeescript go javascript shell"
teespring,http://teespring.engineering/,teespring,https://teespring.com/jobs,"go html ruby shell swift"
tellapart,https://www.tellapart.com/engineering-blog/,tellapart,https://www.tellapart.com/careers/,"c c++ java python ruby scala shell"
"the working group",http://blog.twg.ca/category/technical/,twg,https://twg.io/careers," c css javascript php ruby"
thetrainline,https://engineering.thetrainline.com/,trainline,http://www.thetrainlinejobs.com/job,javascript
thumbtack,http://www.thumbtack.com/engineering/,thumbtack,https://www.thumbtack.com/jobs," c css go haskell java javascript php shell"
ticketmaster,https://tech.ticketmaster.com/,ticketmaster,http://www.ticketmaster.co.uk/careers,"go html java javascript objective-c perl powershell python shell"
tilt,http://engineering.tilt.com/,crowdtilt,https://www.tilt.com/learn/jobs," html javascript perl ruby"
timehop,http://tales.timehop.com/,timehop,http://timehop.com/joinus," go java objective-c ruby shell"
trackmaven,http://engineroom.trackmaven.com/,trackmaven,https://boards.greenhouse.io/trackmaven," css javascript python shell"
transferwise,http://tech.transferwise.com/,transferwise,https://transferwise.com/jobs/,"css java javascript objective-c php swift"
treehouse,https://medium.com/treehouse-engineering,treehouse,https://teamtreehouse.com/jobs," css java kotlin ruby"
trello,http://tech.trello.com/,trello,https://trello.com/jobs," c coffeescript html java javascript"
trivago,http://tech.trivago.com/,trivago,http://company.trivago.com/careers/technology/," css go java javascript php python ruby swift"
truecar,https://www.drivenbycode.com/,truecar,http://careers.true.com," c++ go hcl javascript jupyter notebook puppet python ruby scala shell"
trulia,http://www.trulia.com/blog/tech/,trulia,http://www.trulia.com/about/careers,"css html java javascript python r ruby"
tubemogul,https://www.tubemogul.com/engineering/,tubemogul,https://www.tubemogul.com/opportunities/,"html java javascript ruby"
tumblbug,https://medium.com/tumblbug-engineering,tumblbug,https://github.com/tumblbug/careers," css javascript ruby"
tumblr,https://engineering.tumblr.com/#_=_,tumblr,https://www.tumblr.com/jobs," html java javascript objective-c php python ruby scala swift"
twilio,https://www.twilio.com/engineering,twilio,https://www.twilio.com/company/jobs,"c# coffeescript erlang java javascript objective-c php python ruby swift"
"twitch tv",https://medium.com/twitch-engineering,twitchtv,http://engineering.twitch.tv/,javascript
twitter,https://engineering.twitter.com/,twitter,https://careers.twitter.com/careers,"c c++ html java javascript objective-c scala"
uber,https://eng.uber.com/,uber,https://www.uber.com/careers/list/?city=all&country=all&keywords=&subteam=all&team=engineering,"c go java javascript python swift"
underdog,http://engineering.underdog.io/,underdogio,https://underdog.io/candidates/apply,"css java javascript python ruby"
upday,https://upday.github.io/blog/,upday,http://upday.com/en/jobs," css erlang java javascript ruby"
usertesting,http://engineering.usertesting.com/,usertesting,https://careers.smartrecruiters.com/UserTesting/," elixir html java javascript objective-c ruby shell"
vena,https://engineering.vena.io/,venasolutions,http://vena.jazz.co/apply/," java"
venmo,https://engineering.venmo.com/,venmo,https://venmo.com/jobs," java javascript objective-c python ruby swift"
viki,http://engineering.viki.com/blog/,viki-org,https://www.viki.com/jobs,"c# go javascript objective-c python ruby"
vine,http://engineering.vine.co/,vine,https://vine.co/jobs,"c java objective-c python ruby"
vinted,http://engineering.vinted.com/,vinted,http://engineering.vinted.com/join/," c java objective-c ruby"
voxer,http://engineering.voxer.com/,voxer,http://voxer.com/careers/,"c java javascript objective-c php ruby shell"
"walmart labs",https://medium.com/walmartlabs,walmartlabs,https://jobs.walmart.com/us/jobs?page=1&tags=ecommerce," clojure javascript"
"washington post",https://developer.washingtonpost.com/pb/blog/,washingtonpost,https://sub.washingtonpost.com/hosted/56549408208965c92352902b," java javascript php python shell swift"
wattpad,http://engineering.wattpad.com/,wattpad,http://www.wattpad.com/life/?jobs,"c++ go objective-c python ruby shell"
wayfair,http://engineering.wayfair.com/,wayfair,http://www.wayfair.com/careers#dept=engineering,"c c# c++ coffeescript java javascript php perl python ruby shell"
wealthfront,http://eng.wealthfront.com/,wealthfront,https://www.wealthfront.com/engineering/careers," java javascript"
webengage,http://engineering.webengage.com/,webengage,http://blog.webengage.com/category/hiring/," css javascript ruby shell"
wepay,https://wecode.wepay.com/,wepay,https://go.wepay.com/careers,"css java javascript objective-c php python ruby"
wework,https://engineering.wework.com/,wework,https://www.wework.com/careers,"css coffeescript html javascript ruby shell"
widen,http://engineering.widen.com/,widen,http://www.widen.com/careers," go groovy java javascript makefile"
wingify,http://engineering.wingify.com/,wingify,http://wingify.com/careers," c java javascript lua python"
wix,http://blog.wix.engineering/,wix,http://www.wix.com/jobs/home,"java javascript objective-c scala shell typescript"
wolox,https://medium.com/@WoloxEngineering/,wolox,http://www.wolox.com.ar/#section-contact," java javascript objective-c ruby shell swift"
xero,https://developer.xero.com/engineering-blog/,xeroapi,https://www.xero.com/uk/about/careers/," c# coffeescript coldfusion java javascript php"
yahoo,https://yahooeng.tumblr.com/#_=_,yahoo,https://careers.yahoo.com/gb/,"c c++ html java javascript objective-c ruby scala"
yammer,http://eng.yammer.com/,yammer,https://careers.microsoft.com/yammer,"java javascript objective-c powershell python ruby"
yelp,http://engineeringblog.yelp.com/,yelp,https://www.yelp.com/careers,"c++ go java javascript python"
youtube,https://youtube-eng.googleblog.com/,youtube,https://www.youtube.com/yt/jobs/,"c++"
zalando,https://tech.zalando.de/blog,zalando,https://tech.zalando.de/jobs/tech/," erlang go java javascript python scala"
zeemee,https://medium.com/m/global-identity?redirectUrl=https%3A%2F%2Fzeemee.engineering%2F,zeemee,https://www.zeemee.com/we-want-you#engineering,"java javascript ruby"
zoetrope,https://zoetrope.io/tech-blog,zoetropelabs,https://twitter.com/ZoetropeLabs," c++ javascript makefile php python"
zomato,https://medium.com/m/global-identity?redirectUrl=https%3A%2F%2Fengineering.zomato.com%2F,zomato,https://medium.com/m/global-identity?redirectUrl=https%3A%2F%2Fengineering.zomato.com%2F," java javascript objective-c"
zoosk,https://about.zoosk.com/en/engineering-blog/,zoosk,https://about.zoosk.com/en/careers/,"c# php perl python"
zulily,https://engineering.zulily.com/,zulily,http://www.zulily.co.uk/careers?dept=technology,"go java javascript python saltstack shell"
townsquared,https://townsquared.com/blog/engineering/,townsquared,https://townsquared.com/join-our-team/,"css javascript ruby"
turn,http://www.turn.com/engineering,turn,http://www.turn.com/company/careers,"go java javascript r"
shopify,https://engineering.shopify.com/,shopify,https://www.shopify.com/careers,"c go javascript liquid objective-c ruby"
appaloosa,https://medium.com/appaloosa-store-engineering,appaloosa-store,https://www.appaloosa-store.com/about-us,"go java javascript objective-c ruby shell"
smallimprovements,https://tech.small-improvements.com,smallimprovements,https://www.small-improvements.com/careers,"css groovy html java javascript ruby shell"
datorama,https://engineering.datorama.com/,datorama,http://datorama.com/join-us/,"java javascript perl python"
mixmax,https://mixmax.com/blog/tag/engineering,mixmaxhq,https://mixmax.com/careers/,"css html javascript"
schibsted,http://bytes.schibsted.com/category/software-engineering/,schibsted,http://jobs.schibsted.com/engineering-areas/#engineering,"clojure go html java javascript objective-c php python shell"
auth0,https://auth0.engineering/,auth0,https://auth0.com/jobs,"c# java javascript typescript"
ngpvan,https://blog.ngpvan.com/engineering,ngpvan,https://www.ngpvan.com/careers,"c# html java javascript python ruby shell"
"dia & co",https://making.dia.com/,diaandco,https://www.dia.co/careers,"python ruby"
dailymotion,http://engineering.dailymotion.com/,dailymotion,http://jobs.dailymotion.com/en/offers#departments=1,"c coffeescript go html java javascript objective-c python"
infinityworks,http://engineering.infinityworks.com/,infinityworksltd,https://www.infinityworks.com/careers.html,"css go java javascript makefile python shell typescript"
formlabs,https://engineering.formlabs.com,formlabs,https://formlabs.com/company/careers/,"c c++ gettext catalog javascript python shell"
bitnami,https://engineering.bitnami.com,bitnami,https://jobs.lever.co/bitnami,"javascript shell"
collaborne,https://medium.com/collaborne-engineering,collaborne,http://www.collaborne.com/careers/,"html java"
"job and talent",https://jobandtalent.engineering/,jobandtalent,https://www.jobandtalent.com/us/careers#positions,"go java javascript jupyter notebook objective-c scala"
talis,https://engineering.talis.com/,talis,https://talis-group-limited.workable.com/,"css go html javascript php ruby shell"
haus,https://engineering.haus.com/,haus-inc,https://haus.com/jobs,"javascript ruby shell"
lumosity,http://engineering.lumosity.com/,lumoslabs,https://jobs.lever.co/lumosity?by=team,"c++ java javascript ruby scala shell"
nodesagency,https://engineering.nodesagency.com/,nodesagency,https://www.nodesagency.com/careers/,"css javascript php"
"telefonica id",https://engineering.telefonica.com/,telefonicaid,https://jobs.telefonica.com/,"java javascript python"
openx,http://codinginadtech.com/,openx,http://openx.com/open-positions/,"c++ elixir erlang java javascript php python"
semaphoreci,http://semaphoreci.com/blog/tags/engineering.html,renderedtext,http://renderedtext.com/jobs/,"css elixir ruby viml"
dotabuff,https://medium.com/dotabuff-engineering,dotabuff,https://dotabuff.workable.com/,"go lua makefile protocol buffer ruby"
ezhome,https://engineering.ezhome.com/,ezhome,https://www.ezhome.com/careers/positions/,"java javascript"
tripadvisor,http://engineering.tripadvisor.com/,tripadvisor,https://www.tripadvisor.com/careers/search-jobs?job_category=7,"c++ java javascript objective-c plpgsql perl python"
altmetric,https://altmetric.engineering/,altmetric,https://www.altmetric.com/jobs/,"coffeescript go javascript php r ruby"
tinder,http://tech.gotinder.com/,tinder,https://www.gotinder.com/jobs,"javascript"
wobe,https://eng.wobe.io/,wobe-pte-ltd,https://wobe.io/join/,"java javascript"
brigade,https://brigade.engineering/,brigade,https://jobs.lever.co/brigade?by=team,"javascript ruby shell"
discord,https://discord.engineering/,hammerandchisel,https://discordapp.com/company,"c++ elixir java javascript objective-c python"
kickstarter,https://kickstarter.engineering/,kickstarter,https://www.kickstarter.com/jobs#job-openings,"java javascript ruby shell swift"
randrr,http://engineering.randrr.com/,randrr,http://www.randrr.com/contact,"go javascript python shell"
vimeo,https://medium.com/vimeo-engineering-blog,vimeo,https://vimeo.com/jobs,"c go java javascript objective-c php python swift"
skyscanner,http://codevoyagers.com/,skyscanner,http://www.skyscanner.net/jobs/productengineering/,"css javascript php python swift"
driftrock,http://tech.driftrock.com/,driftrock,https://www.driftrock.com/careers,"javascript ruby"
textnow,https://engineering.textnow.com/,enflick,http://about.textnow.com/careers/#openings,"c javascript makefile objective-c php python ruby"
currencyfair,http://tech.currencyfair.com/,currencyfair,https://my.hirehive.io/currencyfair,"css java php"
nest,https://nest.tech,nestlabs,https://nest.com/careers/?department=Engineering,"java javascript objective-c ruby scala"
wheniwork,https://wheniwork.engineering/,wheniwork,http://careers.wheniwork.com/,"go html javascript php ruby"
redbubble,http://artplustech.com/,redbubble,https://careers.redbubble.com/jobs,"elixir javascript makefile ruby scala"
"verizon digital media",https://eng.verizondigitalmedia.com/,verizondigital,https://careers.smartrecruiters.com/Aol/verizon-digital-media-services,"c c++ clojure go python"
freeletics,http://freeletics.engineering/,freeletics,https://www.freeletics.com/en/corporate/jobs#engineering,"c coffeescript hcl java javascript objective-c ruby swift"
smartling,https://tech.smartling.com/,smartling,https://www.smartling.com/about/careers/,"css hcl java javascript objective-c php python ruby"
duolingo,http://making.duolingo.com/,duolingo,https://www.duolingo.com/jobs,"java javascript objective-c python"
weebly,https://engineering.weebly.com/,weebly,https://careers.weebly.com/,"javascript objective-c php perl ruby swift"
cars,https://tech.cars.com/,carsdotcom,https://www.cars.com/careers/,"arduino css go java javascript scala shell"
carwow,https://medium.com/carwow-product-engineering,carwow,https://www.carwow.co.uk/jobs,"javascript ruby shell"
hipages,https://medium.com/hipages-engineering,hipages,https://hipagesgroup.com.au/careers/,"javascript shell"
growella,https://engineering.growella.com/,growella,https://twitter.com/GrowellaEng,"javascript php shell"
wantedly,https://gb.wantedly.com/feed/s/wantedly_engineers,wantedly,https://gb.wantedly.com/companies/wantedly/projects,"c++ go objective-c ruby swift"
capriza,https://medium.com/capriza-engineering,capriza,https://www.capriza.com/careers,"c++ javascript"
fromAtoB,https://eng.fromatob.com/,fromAtoB,https://fromatob.workable.com/,"html javascript ruby rust"
signavio,https://tech.signavio.com/,signavio,https://www.signavio.com/jobs/,"css java javascript"
pusher,https://making.pusher.com/,pusher,https://pusher.com/jobs,"c c# go html java javascript php ruby swift"
channable,https://tech.channable.com/,channable,https://channable.com/company/jobs/,"javascript python scala"
yikyak,https://medium.com/yik-yak-eng,yikyakapp,https://www.yikyak.com/jobs,"c++ go"
solutotlv,https://blog.solutotlv.com/soluto,soluto,https://www.solutotlv.com/join-soluto-engineering,"c# javascript objective-c perl ruby shell"
talkdesk,https://engineering.talkdesk.com/,talkdesk,https://www.talkdesk.com/jobs/engineering/,"coffeescript elixir erlang ruby shell"
fundapps,https://gsd.fundapps.io/,fundapps,https://www.fundapps.co/about-us/join-our-team,"go html javascript ruby"
tes,http://engineering.tes.com/,tes,"","javascript lua php python typescript"
hubba,https://medium.com/@HubbaDev/,hubba,https://hq.hubba.com/careers/,"javascript"
smartrecruiters,https://up.smartrecruiters.com/,smartrecruiters,https://www.smartrecruiters.com/about-us/careers/,"c++ java javascript"
travix,https://travix.io/,travix-international,https://www.travix.com/jobs/it/,"c# html javascript saltstack shell"
patreon,https://patreonhq.com/tagged/patreon-engineering,patreon,https://www.patreon.com/careers#/positions,"c++ java javascript objective-c php python ruby shell"
flexport,https://flexport.engineering/,flexport,https://www.flexport.com/careers,"javascript ruby"
coinbase,https://engineering.coinbase.com/,coinbase,https://www.coinbase.com/careers,"ruby,javascript,php,java,objective-c"
algolia,https://stories.algolia.com/,algolia,https://www.algolia.com/careers,"css java javascript php ruby"
lovoo,https://tech.lovoo.com/,lovoo,https://inside.lovoo.com/jobs/,"go java kotlin objective-c php python"
autotrader,http://engineering.autotrader.co.uk/,autotraderuk,https://careers.autotrader.co.uk/,"java javascript python ruby typescript"
snagajob,https://engineering.snagajob.com/,snagajob,http://www.snagajob.com/about/positions/35900,"c# coffeescript java python roff swift"
helpscout,https://engineering.helpscout.com/,helpscout,https://www.helpscout.net/company/careers/,"css javascript php ruby"
crowdfire,https://crowdfire.engineering/,codigami,https://www.crowdfireapp.com/careers,"go java objective-c python swift"
pagerduty,https://engineering.pagerduty.com/,pagerduty,https://www.pagerduty.com/careers/,"elixir go html javascript perl python ruby scala"
paxos,https://eng.paxos.com/,paxos-bankchain,https://www.paxos.com/careers#jobs,"go javascript python"
simacan,http://nerds.simacan.com,simacan,https://www.simacan.com/about/,"java javascript python scala shell"
drivy,https://drivy.engineering/,drivy,https://www.drivy.com/jobs,"java javascript ruby shell"
handshake,https://joinhandshake.com/engineering-blog/,strydercorp,https://joinhandshake.com/careers/,""
redfin,https://redfin.engineering/,redfin,https://www.redfin.com/about/jobs/departments/engineering,"" 
